taxonID,scientificName,family,genus,taxonRank,vernacularName
https://www.gbif.org/species/6164780,"Ochotona princeps saxatilis Bangs, 1899",Ochotonidae,Ochotona,subspecies,American pika
https://www.gbif.org/species/9379,Leporidae,Leporidae,Unknown,family,rabbit
https://www.gbif.org/species/6066824,"Erethizon dorsatum (Linnaeus, 1758)",Erethizontidae,Erethizon,species,North American porcupine
https://www.gbif.org/species/2438437,"Neotoma cinerea (Ord, 1815)",Cricetidae,Neotoma,species,bushy-tailed woodrat
https://www.gbif.org/species/2437369,"Marmota flaviventris (Audubon & Bachman, 1841)",Sciuridae,Marmota,species,yellow-bellied marmot
https://www.gbif.org/species/2441119,"Ovis canadensis Shaw, 1804",Bovidae,Ovis,species,bighorn sheep
https://www.gbif.org/species/5218919,"Mustela frenata Lichtenstein, 1831",Mustelidae,Mustela,species,long-tailed weasel
https://www.gbif.org/species/2437269,"Eutamias Trouessart, 1880",Sciuridae,Eutamias,genus,chipmunk
https://www.gbif.org/species/5219153,"Canis latrans Say, 1823",Canidae,Canis,species,coyote
https://www.gbif.org/species/5231132,"Zonotrichia leucophrys (J.R.Forster, 1772)",Passerellidae,Zonotrichia,species,White-crowned Sparrow
https://www.gbif.org/species/2480506,"Aquila chrysaetos (Linnaeus, 1758)",Accipitridae,Aquila,species,Golden Eagle
https://www.gbif.org/species/9456,Sciuridae,Sciuridae,Unknown,family,squirrel
https://www.gbif.org/species/1459,Rodentia,Unknown,Unknown,order,rodent
https://www.gbif.org/species/2437297,"Spermophilus lateralis (Say, 1823)",Sciuridae,Callospermophilus,species,golden-mantled ground squirrel
https://www.gbif.org/species/2482492,"Corvus corax Linnaeus, 1758",Corvidae,Corvus,species,Common Raven / Northern Raven
https://www.gbif.org/species/359,Mammalia,Unknown,Unknown,class,mammal
https://www.gbif.org/species/2481930,"Cathartes aura (Linnaeus, 1758)",Cathartidae,Cathartes,species,Turkey Vulture
https://www.gbif.org/species/2482614,"Nucifraga columbiana (A.Wilson, 1811)",Corvidae,Nucifraga,species,Clark's Nutcracker
https://www.gbif.org/species/2440974,"Odocoileus hemionus (Rafinesque, 1817)",Cervidae,Odocoileus,species,mule deer
https://www.gbif.org/species/2436794,"Lepus americanus Erxleben, 1777",Leporidae,Lepus,species,snowshoe hare
https://www.gbif.org/species/2436854,"Sylvilagus nuttallii (Bachman, 1837)",Leporidae,Sylvilagus,species,mountain cottontail
